"Time","latitude","lat_error","longitude","lon_error","depth_km","depth_error","mag_val","event_id","eq_type","event_type","station_count","quality_usedPhaseCount","evaluationStatus","creationInfo_author"
2023-01-15 06:57:12,-0.6673,3.5355,-78.4280,3.5355,-4.0000,6.4000,1.0608,igepn2023bamr,LP,volcanic eruption,6.0000,9.0000,reviewed,pcruz@srvpicados.igepn.edu.ec
2023-01-14 21:30:22,-0.8173,0.3536,-78.4562,0.3536,-7.0400,1.2000,1.0896,igepn2023azua,VT,volcanic eruption,6.0000,18.0000,reviewed,eacosta@srvpicados.igepn.edu.ec
2023-01-14 21:24:30,-0.6832,1.2021,-78.4252,1.2021,2.0000,3.4000,1.0004,igepn2023aztv,VLP,volcanic eruption,6.0000,11.0000,reviewed,vlema@srvpicados.igepn.edu.ec
2023-01-14 11:25:49,-0.7035,0.7071,-78.4372,0.7071,2.5600,3.5000,0.9104,igepn2023azab,VLP,volcanic eruption,7.0000,12.0000,reviewed,vlema@srvpicados.igepn.edu.ec
2023-01-14 10:47:15,-0.7015,0.6364,-78.4340,0.6364,1.5000,3.0000,1.1575,igepn2023ayyu,VT?,volcanic eruption,6.0000,12.0000,reviewed,aojeda@sc-gui.igepn.edu.ec
2023-01-14 08:58:18,-0.6787,0.7071,-78.4375,0.7071,3.2000,1.9000,0.8804,igepn2023ayve,VLP,volcanic eruption,5.0000,12.0000,reviewed,vlema@srvpicados.igepn.edu.ec
2023-01-14 08:48:58,-0.6800,0.8485,-78.4408,0.8485,2.0000,2.5000,0.7908,igepn2023ayux,VLP,volcanic eruption,7.0000,12.0000,reviewed,vlema@srvpicados.igepn.edu.ec
2023-01-14 05:30:30,-0.7035,0.5657,-78.4300,0.5657,1.5000,3.1000,0.9012,igepn2023ayoi,LP,volcanic eruption,7.0000,12.0000,reviewed,vlema@srvpicados.igepn.edu.ec
2023-01-14 02:26:18,-0.6652,0.9899,-78.4472,0.9899,4.1100,1.3000,0.3922,igepn2023ayig,TRE,volcanic eruption,5.0000,8.0000,reviewed,vlema@srvpicados.igepn.edu.ec
2023-01-14 01:19:40,-0.6883,0.6364,-78.4343,0.6364,3.6000,2.6000,1.4183,igepn2023aygb,VLP,volcanic eruption,6.0000,13.0000,reviewed,vlema@srvpicados.igepn.edu.ec
2023-01-13 23:45:50,-0.6887,1.0607,-78.4408,1.0607,2.0000,3.0000,0.9639,igepn2023aycy,LP,volcanic eruption,5.0000,11.0000,reviewed,vlema@srvpicados.igepn.edu.ec
2023-01-13 04:46:02,-0.6773,0.6364,-78.4158,0.6364,3.0000,2.1000,1.3656,igepn2023awrj,LP,volcanic eruption,4.0000,9.0000,reviewed,vlema@srvpicados.igepn.edu.ec
2023-01-13 03:19:48,-0.7163,1.3435,-78.3723,1.3435,-6.0000,3.3000,0.3239,igepn2023awon,VT,volcanic eruption,6.0000,16.0000,reviewed,vlema@srvpicados.igepn.edu.ec
2023-01-12 17:31:46,-0.7062,0.6364,-78.4320,0.6364,2.4500,3.3000,1.2875,igepn2023avvd,LP,volcanic eruption,5.0000,11.0000,reviewed,vlema@srvpicados.igepn.edu.ec
2023-01-12 12:59:42,-0.5817,2.0506,-78.4527,2.0506,-4.6100,0.9000,0.6277,igepn2023avmd,VTD,volcanic eruption,4.0000,12.0000,reviewed,vlema@srvpicados.igepn.edu.ec
2023-01-12 07:50:09,-0.6862,1.4142,-78.4208,1.4142,1.6300,3.4000,0.5607,igepn2023avby,LP,volcanic eruption,5.0000,7.0000,reviewed,vlema@srvpicados.igepn.edu.ec
2023-01-12 03:47:51,-0.6970,0.4950,-78.4303,0.4950,2.7000,3.4000,0.6404,igepn2023auty,LP,volcanic eruption,5.0000,12.0000,reviewed,vlema@srvpicados.igepn.edu.ec
2023-01-12 00:01:48,-0.6487,0.9192,-78.4500,0.9192,-5.0000,0.8000,0.5994,igepn2023aumm,LP,volcanic eruption,5.0000,7.0000,reviewed,pcruz@srvpicados.igepn.edu.ec
2023-01-11 12:53:35,-0.6875,0.1414,-78.4382,0.1414,3.3800,0.5000,0.4682,igepn2023atql,VT,volcanic eruption,4.0000,7.0000,reviewed,vlema@srvpicados.igepn.edu.ec
2023-01-11 10:53:17,-0.6978,0.6364,-78.4303,0.6364,-0.4300,2.6000,1.3445,igepn2023atml,LP,volcanic eruption,5.0000,10.0000,reviewed,vlema@srvpicados.igepn.edu.ec
2023-01-11 09:58:40,-0.7133,0.4243,-78.4170,0.4243,2.0000,5.2000,1.5483,igepn2023atkr,LP,volcanic eruption,5.0000,10.0000,reviewed,vlema@srvpicados.igepn.edu.ec
2023-01-11 09:36:04,-0.6865,0.8485,-78.4495,0.8485,2.9200,2.6000,1.7892,igepn2023atjx,LP,volcanic eruption,6.0000,12.0000,reviewed,vlema@srvpicados.igepn.edu.ec
2023-01-10 04:45:16,-0.6828,0.4950,-78.4408,0.4950,4.3400,3.6000,0.8342,igepn2023arew,LP,volcanic eruption,5.0000,10.0000,reviewed,vlema@srvpicados.igepn.edu.ec
2023-01-09 23:24:16,-0.6855,2.6163,-78.4408,2.6163,-1.0000,2.2000,0.4075,igepn2023aqug,LP,volcanic eruption,5.0000,8.0000,reviewed,vlema@srvpicados.igepn.edu.ec
2023-01-09 06:10:42,-0.6825,0.4243,-78.4338,0.4243,4.0000,2.2000,1.3245,igepn2023apmd,LP,volcanic eruption,5.0000,11.0000,reviewed,vlema@srvpicados.igepn.edu.ec
2023-01-09 01:38:26,-0.6668,0.6364,-78.4288,0.6364,1.0000,0.9000,0.8539,igepn2023apde,LP,volcanic eruption,4.0000,7.0000,reviewed,vlema@srvpicados.igepn.edu.ec
2023-01-08 10:23:06,-0.7007,0.9899,-78.4408,0.9899,-2.0000,2.5000,0.7076,igepn2023anyy,LP,volcanic eruption,6.0000,8.0000,reviewed,pcruz@srvpicados.igepn.edu.ec
2023-01-08 10:10:01,-0.6793,0.2121,-78.4353,0.2121,3.9400,0.5000,0.7572,igepn2023anyp,LP,volcanic eruption,5.0000,8.0000,reviewed,vlema@srvpicados.igepn.edu.ec
2023-01-08 07:11:36,-0.6673,0.7071,-78.4272,0.7071,3.2000,1.1000,0.6950,igepn2023ansr,LP,volcanic eruption,5.0000,9.0000,reviewed,vlema@srvpicados.igepn.edu.ec
2023-01-08 06:39:06,-0.7043,0.4243,-78.4207,0.4243,-4.6700,1.6000,0.5983,igepn2023anrp,LP,volcanic eruption,6.0000,9.0000,reviewed,vlema@srvpicados.igepn.edu.ec
2023-01-07 13:21:41,-0.6892,0.4950,-78.4335,0.4950,4.2600,3.9000,1.2367,igepn2023amjj,LP,volcanic eruption,5.0000,10.0000,reviewed,vlema@srvpicados.igepn.edu.ec
2023-01-07 06:08:38,-0.7125,2.0506,-78.4213,2.0506,2.3500,7.6000,0.6897,igepn2023alvb,LP,volcanic eruption,3.0000,7.0000,reviewed,aojeda@sc-gui.igepn.edu.ec
2023-01-06 06:07:46,-0.6975,0.4243,-78.4420,0.4243,3.3600,2.2000,1.1590,igepn2023ajzm,LP,volcanic eruption,5.0000,10.0000,reviewed,vlema@srvpicados.igepn.edu.ec
2023-01-05 22:50:32,-0.6797,0.6364,-78.4475,0.6364,0.7900,3.3000,0.4532,igepn2023ajld,LP,volcanic eruption,5.0000,7.0000,reviewed,pcruz@srvpicados.igepn.edu.ec
2023-01-05 21:47:26,-0.6800,0.4950,-78.4093,0.4950,-4.9400,0.3000,0.6947,igepn2023ajja,LP,volcanic eruption,5.0000,8.0000,reviewed,pcruz@srvpicados.igepn.edu.ec
2023-01-05 20:14:51,-0.6900,0.2828,-78.4438,0.2828,3.0000,1.0000,0.8466,igepn2023ajfy,LP,volcanic eruption,5.0000,11.0000,reviewed,vlema@srvpicados.igepn.edu.ec
2023-01-05 19:53:30,-0.6822,0.2828,-78.4323,0.2828,1.7900,0.8000,1.1312,igepn2023ajfg,LP,volcanic eruption,6.0000,12.0000,reviewed,vlema@srvpicados.igepn.edu.ec
2023-01-05 05:06:30,-0.6563,0.5657,-78.4408,0.5657,-1.9000,1.0000,1.5801,igepn2023aica,VLP,volcanic eruption,6.0000,12.0000,reviewed,vlema@srvpicados.igepn.edu.ec
2023-01-05 04:18:25,-0.6698,0.7778,-78.4713,0.7778,2.7000,2.7000,1.1865,igepn2023aial,LP,volcanic eruption,4.0000,10.0000,reviewed,vlema@srvpicados.igepn.edu.ec
2023-01-04 00:46:21,-0.6902,1.9799,-78.4192,1.9799,2.8000,4.3000,1.2177,igepn2023afxy,LP,volcanic eruption,3.0000,8.0000,reviewed,aojeda@sc-gui.igepn.edu.ec
2023-01-03 21:13:02,-0.6928,1.1314,-78.4408,1.1314,-1.0000,1.4000,1.1695,igepn2023afqx,LP,volcanic eruption,6.0000,12.0000,reviewed,vlema@srvpicados.igepn.edu.ec
2023-01-03 19:55:43,-0.6875,0.7071,-78.4503,0.7071,-2.0000,1.5000,1.0744,igepn2023afoi,LP,volcanic eruption,5.0000,9.0000,reviewed,pcruz@srvpicados.igepn.edu.ec
2023-01-03 17:45:25,-0.6673,1.3435,-78.4408,1.3435,-0.2100,2.9000,1.1313,igepn2023afkb,LP,volcanic eruption,5.0000,11.0000,reviewed,pcruz@srvpicados.igepn.edu.ec
2023-01-03 16:49:42,-0.6948,0.2828,-78.4400,0.2828,-0.4300,0.6000,0.8461,igepn2023afig,VLP,volcanic eruption,5.0000,9.0000,reviewed,vlema@srvpicados.igepn.edu.ec
2023-01-03 04:01:46,-0.6965,0.8485,-78.4408,0.8485,-1.0000,2.7000,0.6732,igepn2023aeiw,LP,volcanic eruption,4.0000,10.0000,reviewed,jsanto@sc-gui.igepn.edu.ec
2023-01-03 03:20:17,-0.6823,0.9192,-78.4367,0.9192,-1.0000,0.9000,1.2386,igepn2023aehm,VLP,volcanic eruption,6.0000,12.0000,reviewed,vlema@srvpicados.igepn.edu.ec
2023-01-03 02:53:29,-0.6782,0.2121,-78.4423,0.2121,-3.0400,0.2000,0.4142,igepn2023aegp,LP,volcanic eruption,3.0000,6.0000,reviewed,jsanto@sc-gui.igepn.edu.ec
2023-01-02 23:34:38,-0.6682,0.8485,-78.4530,0.8485,-5.0900,0.9000,0.2992,igepn2023aeaa,LP,volcanic eruption,4.0000,8.0000,reviewed,jsanto@sc-gui.igepn.edu.ec
2023-01-02 21:44:46,-0.6652,1.2021,-78.4423,1.2021,-4.0000,1.0000,0.9205,igepn2023adwl,LP,volcanic eruption,5.0000,11.0000,reviewed,vlema@srvpicados.igepn.edu.ec
2023-01-02 19:43:09,-0.6800,0.5657,-78.4277,0.5657,-2.6700,1.5000,0.9294,igepn2023adsk,LP,volcanic eruption,5.0000,7.0000,reviewed,pcruz@srvpicados.igepn.edu.ec
2023-01-02 18:24:17,-0.6850,1.2021,-78.4535,1.2021,-5.0000,2.1000,0.9588,igepn2023adpu,LP,volcanic eruption,5.0000,9.0000,reviewed,pcruz@srvpicados.igepn.edu.ec
2023-01-02 15:52:30,-0.6673,2.8284,-78.4408,2.8284,-6.0200,3.9000,0.6680,igepn2023adkv,LP,volcanic eruption,5.0000,9.0000,reviewed,pcruz@srvpicados.igepn.edu.ec
2023-01-02 13:52:13,-0.6673,1.7678,-78.4408,1.7678,-3.0000,2.2000,0.6855,igepn2023adgv,VLP,volcanic eruption,5.0000,8.0000,reviewed,vlema@srvpicados.igepn.edu.ec
2023-01-02 04:02:49,-0.6657,1.4142,-78.4158,1.4142,2.7000,2.1000,1.1703,igepn2023acnj,LP,volcanic eruption,3.0000,8.0000,reviewed,evillareal@sc-gui.igepn.edu.ec
2023-01-02 02:57:41,-0.5602,0.7778,-78.4568,0.7778,-5.0000,1.5000,0.6437,igepn2023aclg,VTD,volcanic eruption,5.0000,19.0000,reviewed,vlema@srvpicados.igepn.edu.ec
2023-01-01 23:34:49,-0.6242,1.1314,-78.4632,1.1314,-3.2300,2.1000,0.3378,igepn2023aceo,LP,volcanic eruption,4.0000,10.0000,reviewed,evillareal@sc-gui.igepn.edu.ec
2023-01-01 10:05:59,-0.6662,0.4950,-78.4173,0.4950,3.6000,1.4000,0.9996,igepn2023abdw,LP,volcanic eruption,4.0000,9.0000,reviewed,lgusqui@sc-gui.igepn.edu.ec
2022-12-31 23:26:28,-0.6002,0.7778,-78.3793,0.7778,-4.1100,1.0000,0.1048,igepn2023aaiu,VT,volcanic eruption,4.0000,11.0000,reviewed,vlema@srvpicados.igepn.edu.ec
2022-12-31 23:25:25,-0.6923,1.0607,-78.4303,1.0607,-2.2000,2.8000,1.0537,igepn2023aait,LP,volcanic eruption,5.0000,11.0000,reviewed,evillareal@sc-gui.igepn.edu.ec
2022-12-31 11:16:52,-0.6652,0.6364,-78.4317,0.6364,2.3900,0.3000,0.0314,igepn2022zqhf,VT,volcanic eruption,4.0000,8.0000,reviewed,acordova
2022-12-30 10:20:50,-0.6840,1.4849,-78.4325,1.4849,3.1400,3.4000,0.7231,igepn2022zojy,LP,volcanic eruption,3.0000,6.0000,reviewed,jsanto@sc-gui.igepn.edu.ec
2022-12-29 22:27:50,-0.6820,0.7071,-78.4240,0.7071,1.9500,2.3000,0.9342,igepn2022znmm,LP,volcanic eruption,5.0000,10.0000,reviewed,vlema@srvpicados.igepn.edu.ec
2022-12-29 13:13:57,-0.5540,0.3536,-78.4285,0.3536,-7.0000,0.8000,1.7864,igepn2022zmuf,VTD,volcanic eruption,9.0000,27.0000,reviewed,vlema@srvpicados.igepn.edu.ec
2022-12-29 03:49:28,-0.6822,0.6364,-78.4318,0.6364,1.4000,1.8000,0.8541,igepn2022zmbq,VLP,volcanic eruption,6.0000,12.0000,reviewed,vlema@srvpicados.igepn.edu.ec
2022-12-29 01:29:35,-0.6963,0.6364,-78.4173,0.6364,3.0000,3.2000,0.9786,igepn2022zlwy,LP,volcanic eruption,4.0000,9.0000,reviewed,vlema@srvpicados.igepn.edu.ec
2022-12-28 05:47:19,-0.6815,0.1414,-78.4365,0.1414,2.7400,0.6000,1.2077,igepn2022zkjv,LP,volcanic eruption,5.0000,8.0000,reviewed,pcruz@srvpicados.igepn.edu.ec
2022-12-28 04:15:31,-0.6900,1.6263,-78.4408,1.6263,-2.0000,3.9000,0.6797,igepn2022zkha,LP,volcanic eruption,4.0000,8.0000,reviewed,pcruz@srvpicados.igepn.edu.ec
2022-12-28 01:41:47,-0.6802,2.4749,-78.4423,2.4749,-1.0000,2.3000,0.7978,igepn2022zkbw,LP,volcanic eruption,6.0000,11.0000,reviewed,vlema@srvpicados.igepn.edu.ec
2022-12-27 21:05:20,-0.6763,1.1314,-78.4158,1.1314,-2.0000,1.1000,1.2269,igepn2022zjst,LP,volcanic eruption,6.0000,12.0000,reviewed,pcruz@srvpicados.igepn.edu.ec
2022-12-27 14:25:36,-0.6928,0.4950,-78.4360,0.4950,2.8700,2.0000,1.5770,igepn2022zjfn,VT,volcanic eruption,5.0000,9.0000,reviewed,acordova
2022-12-27 12:51:54,-0.6837,1.3435,-78.4532,1.3435,2.4300,1.3000,0.9382,igepn2022zjcm,LP,volcanic eruption,4.0000,9.0000,reviewed,vlema@srvpicados.igepn.edu.ec
2022-12-26 23:15:03,-0.6580,1.4849,-78.4358,1.4849,2.7000,1.7000,0.5290,igepn2022zibf,LP,volcanic eruption,4.0000,6.0000,reviewed,acordova
2022-12-26 17:45:36,-0.6708,1.0607,-78.4458,1.0607,4.0100,1.4000,0.9394,igepn2022zhqq,LP,volcanic eruption,6.0000,9.0000,reviewed,gviracucha@sc-gui.igepn.edu.ec
2022-12-26 17:15:55,-0.7002,1.3435,-78.4092,1.3435,-1.0000,2.9000,0.8429,igepn2022zhpr,LP,volcanic eruption,4.0000,7.0000,reviewed,acordova
2022-12-26 08:16:35,-0.6705,0.4950,-78.4488,0.4950,3.9600,1.3000,1.3232,igepn2022zgxw,LP,volcanic eruption,6.0000,12.0000,reviewed,vlema@srvpicados.igepn.edu.ec
2022-12-26 05:36:08,-0.6775,0.3536,-78.4200,0.3536,3.3500,1.4000,0.6226,igepn2022zgsp,LP,volcanic eruption,6.0000,10.0000,reviewed,vlema@srvpicados.igepn.edu.ec
2022-12-26 04:51:40,-0.6517,0.4950,-78.4512,0.4950,-2.3700,0.9000,0.9209,igepn2022zgqz,LP,volcanic eruption,6.0000,10.0000,reviewed,acordova
2022-12-26 03:05:09,-0.6623,0.5657,-78.4368,0.5657,-1.0000,0.8000,0.4168,igepn2022zgnq,LP,volcanic eruption,6.0000,9.0000,reviewed,vlema@srvpicados.igepn.edu.ec
2022-12-26 02:01:20,-0.6858,0.4243,-78.4328,0.4243,-0.0600,1.4000,0.3814,igepn2022zglm,LP,volcanic eruption,6.0000,10.0000,reviewed,vlema@srvpicados.igepn.edu.ec
2022-12-25 23:39:00,-0.6845,0.3536,-78.4237,0.3536,1.0000,1.0000,0.7764,igepn2022zggu,LP,volcanic eruption,5.0000,9.0000,reviewed,acordova
2022-12-25 21:40:07,-0.6988,0.3536,-78.4213,0.3536,1.6000,1.8000,0.8789,igepn2022zgcw,LP,volcanic eruption,5.0000,8.0000,reviewed,acordova
2022-12-25 13:07:34,-0.6862,0.6364,-78.4347,0.6364,-1.0000,1.7000,0.8076,igepn2022zflz,LP,volcanic eruption,6.0000,9.0000,reviewed,vlema@srvpicados.igepn.edu.ec
2022-12-25 08:41:21,-0.6732,0.7071,-78.4375,0.7071,4.0000,1.5000,0.9960,igepn2022zfde,LP,volcanic eruption,6.0000,10.0000,reviewed,vlema@srvpicados.igepn.edu.ec
2022-12-25 07:58:06,-0.6932,0.3536,-78.4340,0.3536,-2.0000,0.9000,0.4039,igepn2022zfbt,LP,volcanic eruption,6.0000,9.0000,reviewed,vlema@srvpicados.igepn.edu.ec
2022-12-25 07:54:09,-0.6827,0.2828,-78.4393,0.2828,0,0.7000,0.3062,igepn2022zfbq,LP,volcanic eruption,5.0000,9.0000,reviewed,vlema@srvpicados.igepn.edu.ec
2022-12-25 07:47:39,-0.6573,0.5657,-78.4018,0.5657,2.0000,0.8000,0.1570,igepn2022zfbk,LP,volcanic eruption,3.0000,6.0000,reviewed,lgusqui@sc-gui.igepn.edu.ec
2022-12-25 05:50:36,-0.6960,1.0607,-78.4388,1.0607,3.0700,1.4000,1.6562,igepn2022zexo,LP,volcanic eruption,8.0000,20.0000,reviewed,vlema@srvpicados.igepn.edu.ec
2022-12-25 04:35:45,-0.6317,0.2121,-78.4435,0.2121,-2.7900,0.2000,0.0631,igepn2022zevc,VT,volcanic eruption,5.0000,15.0000,reviewed,vlema@srvpicados.igepn.edu.ec
2022-12-25 01:17:32,-0.6673,0.2121,-78.4278,0.2121,3.6000,0.9000,0.6624,igepn2022zeoo,LP,volcanic eruption,3.0000,6.0000,reviewed,evillareal@sc-gui.igepn.edu.ec
2022-12-24 18:02:45,-0.6652,1.6263,-78.4423,1.6263,-2.0000,2.5000,1.0233,igepn2022zeaf,LP,volcanic eruption,5.0000,12.0000,reviewed,vlema@srvpicados.igepn.edu.ec
2022-12-24 15:15:02,-0.6673,2.7577,-78.4408,2.7577,-2.0000,4.3000,0.8205,igepn2022zdur,LP,volcanic eruption,6.0000,10.0000,reviewed,vlema@srvpicados.igepn.edu.ec
2022-12-24 13:05:59,-0.6998,0.3536,-78.4192,0.3536,1.7800,2.0000,1.1084,igepn2022zdqk,LP,volcanic eruption,5.0000,9.0000,reviewed,vlema@srvpicados.igepn.edu.ec
2022-12-24 10:57:21,-0.6758,0.7778,-78.4263,0.7778,2.0000,2.0000,0.8473,igepn2022zdmf,VLP,volcanic eruption,5.0000,11.0000,reviewed,vlema@srvpicados.igepn.edu.ec
2022-12-24 09:46:48,-0.6788,0.9192,-78.4235,0.9192,1.3900,2.1000,1.3693,igepn2022zdjs,LP,volcanic eruption,5.0000,10.0000,reviewed,vlema@srvpicados.igepn.edu.ec
2022-12-24 08:09:32,-0.6673,0.9192,-78.4305,0.9192,2.4000,1.8000,0.3295,igepn2022zdgq,LP,volcanic eruption,6.0000,9.0000,reviewed,vlema@srvpicados.igepn.edu.ec
2022-12-24 07:20:36,-0.6673,0.3536,-78.4370,0.3536,0.5800,0.7000,1.1029,igepn2022zdfa,LP,volcanic eruption,6.0000,13.0000,reviewed,vlema@srvpicados.igepn.edu.ec
2022-12-24 06:27:51,-0.6673,0.7071,-78.4363,0.7071,2.0000,1.4000,0.7495,igepn2022zddh,LP,volcanic eruption,6.0000,11.0000,reviewed,vlema@srvpicados.igepn.edu.ec
2022-12-24 04:00:23,-0.6652,1.0607,-78.4413,1.0607,-4.7500,0.6000,0.4393,igepn2022zcyk,LP,volcanic eruption,5.0000,11.0000,reviewed,vlema@srvpicados.igepn.edu.ec
2022-12-24 02:32:43,-0.6897,0.2121,-78.4570,0.2121,1.5500,1.0000,0.2610,igepn2022zcvp,LP,volcanic eruption,5.0000,7.0000,reviewed,vlema@srvpicados.igepn.edu.ec
2022-12-24 02:16:01,-0.6827,0.4950,-78.4233,0.4950,1.8000,1.6000,0.7343,igepn2022zcuz,LP,volcanic eruption,6.0000,10.0000,reviewed,vlema@srvpicados.igepn.edu.ec
2022-12-23 23:57:48,-0.6725,0.9192,-78.4287,0.9192,2.4300,2.2000,0.7486,igepn2022zcqk,LP,volcanic eruption,5.0000,11.0000,reviewed,vlema@srvpicados.igepn.edu.ec
2022-12-23 20:18:50,-0.6885,0.7071,-78.4360,0.7071,3.0000,3.2000,0.7919,igepn2022zcje,LP,volcanic eruption,6.0000,9.0000,reviewed,vlema@srvpicados.igepn.edu.ec
2022-12-23 19:17:04,-0.6983,0.3536,-78.4177,0.3536,1.1000,1.3000,0.8142,igepn2022zchd,LP,volcanic eruption,5.0000,11.0000,reviewed,vlema@srvpicados.igepn.edu.ec
2022-12-23 18:57:53,-0.6575,0.9192,-78.4360,0.9192,1.2200,0.6000,0.2617,igepn2022zcgn,LP,volcanic eruption,5.0000,6.0000,reviewed,vlema@srvpicados.igepn.edu.ec
2022-12-23 18:46:01,-0.6760,0.9192,-78.4408,0.9192,3.0000,1.8000,1.0980,igepn2022zcgd,LP,volcanic eruption,6.0000,11.0000,reviewed,vlema@srvpicados.igepn.edu.ec
2022-12-23 08:53:47,-0.6753,0.4243,-78.4243,0.4243,4.0200,2.5000,0.6413,igepn2022zbmp,LP,volcanic eruption,6.0000,9.0000,reviewed,vlema@srvpicados.igepn.edu.ec
2022-12-22 22:00:02,-0.6627,0.3536,-78.4145,0.3536,4.1100,0.6000,0.8877,igepn2022zara,LP,volcanic eruption,6.0000,10.0000,reviewed,vlema@srvpicados.igepn.edu.ec
2022-12-22 18:28:00,-0.6505,0.4243,-78.4310,0.4243,3.7700,0.6000,0.5477,igepn2022zaka,LP,volcanic eruption,6.0000,10.0000,reviewed,gviracucha@sc-gui.igepn.edu.ec
2022-12-22 16:44:28,-0.6863,0.2121,-78.4560,0.2121,2.7400,0.8000,0.6652,igepn2022zagq,LP,volcanic eruption,5.0000,7.0000,reviewed,vlema@srvpicados.igepn.edu.ec
2022-12-22 16:40:38,-0.6887,0.8485,-78.4487,0.8485,2.9200,2.7000,0.8925,igepn2022zagm,LP,volcanic eruption,5.0000,8.0000,reviewed,vlema@srvpicados.igepn.edu.ec
2022-12-22 16:18:38,-0.6625,0.6364,-78.4408,0.6364,4.2800,0.5000,0.9616,igepn2022zaft,LP,volcanic eruption,5.0000,9.0000,reviewed,gviracucha@sc-gui.igepn.edu.ec
2022-12-22 12:51:08,-0.6892,1.0607,-78.4423,1.0607,2.7000,3.6000,0.8732,igepn2022yzyx,LP,volcanic eruption,6.0000,10.0000,reviewed,vlema@srvpicados.igepn.edu.ec
2022-12-22 00:36:28,-0.6667,0.4243,-78.4258,0.4243,3.6400,0.7000,0.5666,igepn2022yzar,LP,volcanic eruption,5.0000,8.0000,reviewed,vlema@srvpicados.igepn.edu.ec
2022-12-21 22:43:46,-0.6673,1.1314,-78.4388,1.1314,2.7000,1.2000,0.3587,igepn2022yywy,LP,volcanic eruption,4.0000,7.0000,reviewed,pcruz@sc-gui.igepn.edu.ec
2022-12-21 20:50:14,-0.6673,1.0607,-78.4318,1.0607,-3.0000,1.4000,1.0384,igepn2022yytf,LP,volcanic eruption,7.0000,13.0000,reviewed,vlema@srvpicados.igepn.edu.ec
2022-12-21 12:06:07,-0.5883,0.9192,-78.4190,0.9192,-2.1400,0.9000,0.8717,igepn2022yyby,VTD,volcanic eruption,6.0000,13.0000,reviewed,vlema@srvpicados.igepn.edu.ec
2022-12-21 08:57:43,-0.6757,1.7678,-78.4533,1.7678,-2.1000,2.5000,0.9916,igepn2022yxvs,LP,volcanic eruption,5.0000,9.0000,reviewed,vlema@srvpicados.igepn.edu.ec
2022-12-21 00:45:10,-0.6845,0.7071,-78.4360,0.7071,3.0000,2.7000,1.4463,igepn2022yxfm,LP,volcanic eruption,6.0000,12.0000,reviewed,vlema@srvpicados.igepn.edu.ec
2022-12-20 22:56:23,-0.6695,0.1414,-78.4463,0.1414,3.6900,0.2000,0.6192,igepn2022yxbw,LP,volcanic eruption,5.0000,8.0000,reviewed,vlema@srvpicados.igepn.edu.ec
2022-12-20 19:54:34,-0.6788,1.3435,-78.4412,1.3435,-4.1000,2.2000,0.0089,igepn2022ywvx,VT,volcanic eruption,6.0000,13.0000,reviewed,vlema@srvpicados.igepn.edu.ec
2022-12-20 19:05:58,-0.6947,0.7071,-78.4360,0.7071,1.6800,2.7000,1.1467,igepn2022ywuh,LP,volcanic eruption,5.0000,11.0000,reviewed,lgusqui@sc-gui.igepn.edu.ec
2022-12-20 18:12:04,-0.6803,0.4950,-78.4432,0.4950,-0.5900,1.3000,1.1536,igepn2022ywsn,LP,volcanic eruption,5.0000,11.0000,reviewed,lgusqui@sc-gui.igepn.edu.ec
2022-12-18 16:10:50,-0.6958,0.6364,-78.4408,0.6364,2.8400,2.9000,0.7675,igepn2022ysxm,VT,volcanic eruption,6.0000,11.0000,reviewed,vlema@srvpicados.igepn.edu.ec
2022-12-18 05:02:51,-0.6673,3.5355,-78.4408,3.5355,-5.0000,1.6000,0.1358,igepn2022ysbl,LP,volcanic eruption,5.0000,7.0000,reviewed,mortiz@srvpicados.igepn.edu.ec
2022-12-18 04:26:41,-0.6908,0.4950,-78.4318,0.4950,-2.7400,1.2000,0.5343,igepn2022ysag,LP,volcanic eruption,5.0000,8.0000,reviewed,vlema@srvpicados.igepn.edu.ec
2022-12-18 02:08:00,-0.6903,0.6364,-78.4325,0.6364,-3.0000,1.3000,0.9462,igepn2022yrvr,LP,volcanic eruption,7.0000,13.0000,reviewed,vlema@srvpicados.igepn.edu.ec
2022-12-17 23:00:44,-0.7092,0.4243,-78.4652,0.4243,-3.9800,0.4000,1.0254,igepn2022yrpn,LP,volcanic eruption,7.0000,13.0000,reviewed,vlema@srvpicados.igepn.edu.ec
2022-12-17 22:26:24,-0.6990,0.6364,-78.4158,0.6364,-1.1400,1.1000,0.6584,igepn2022yrok,VLP,volcanic eruption,6.0000,13.0000,reviewed,vlema@srvpicados.igepn.edu.ec
2022-12-17 20:20:36,-0.6723,0.5657,-78.4408,0.5657,-1.0000,0.7000,0.7374,igepn2022yrkg,VT,volcanic eruption,6.0000,12.0000,reviewed,acordova
2022-12-17 15:54:26,-0.7005,0.4950,-78.4165,0.4950,2.5100,2.5000,0.6989,igepn2022yrbl,LP,volcanic eruption,6.0000,9.0000,reviewed,vlema@srvpicados.igepn.edu.ec
2022-12-17 15:02:23,-0.6890,0.7071,-78.4408,0.7071,0.9600,2.0000,0.9958,igepn2022yqzs,LP,volcanic eruption,6.0000,11.0000,reviewed,vlema@srvpicados.igepn.edu.ec
2022-12-17 13:46:21,-0.6708,1.1314,-78.4397,1.1314,3.6000,2.0000,0.8679,igepn2022yqxf,VLP,volcanic eruption,6.0000,11.0000,reviewed,vlema@srvpicados.igepn.edu.ec
2022-12-17 13:11:22,-0.6790,0.6364,-78.4467,0.6364,-1.3300,0.6000,1.6725,igepn2022yqwb,LP,volcanic eruption,6.0000,12.0000,reviewed,vlema@srvpicados.igepn.edu.ec
2022-12-16 22:09:23,-0.6437,2.2627,-78.4047,2.2627,-7.0000,2.3000,0.6803,igepn2022ypsi,VT,volcanic eruption,3.0000,17.0000,reviewed,gviracucha@sc-gui.igepn.edu.ec
2022-12-16 15:20:47,-0.6882,0.6364,-78.4327,0.6364,-2.0000,1.0000,1.1471,igepn2022ypev,LP,volcanic eruption,7.0000,12.0000,reviewed,vlema@srvpicados.igepn.edu.ec
2022-12-15 20:48:01,-0.7092,0.9192,-78.4285,0.9192,-1.0000,3.5000,0.3980,igepn2022ynud,LP,volcanic eruption,5.0000,9.0000,reviewed,vlema@srvpicados.igepn.edu.ec
2022-12-15 20:28:47,-0.6843,1.1314,-78.4308,1.1314,-4.7600,1.0000,0.8616,igepn2022yntm,LP,volcanic eruption,5.0000,10.0000,reviewed,vlema@sc-gui.igepn.edu.ec
2022-12-15 03:36:20,-0.6718,1.4142,-78.4492,1.4142,-1.6100,2.4000,0.8699,igepn2022ymmc,LP,volcanic eruption,5.0000,10.0000,reviewed,vlema@srvpicados.igepn.edu.ec
2022-12-14 20:53:16,-0.6627,0.9899,-78.4222,0.9899,0.4900,2.0000,1.2852,igepn2022ylyu,LP,volcanic eruption,5.0000,11.0000,reviewed,vlema@srvpicados.igepn.edu.ec
2022-12-14 15:16:50,-0.7105,1.4849,-78.4185,1.4849,-1.0000,3.9000,0.7201,igepn2022ylns,LP,volcanic eruption,4.0000,7.0000,reviewed,vlema@srvpicados.igepn.edu.ec
2022-12-14 14:55:17,-0.6972,0.4950,-78.4157,0.4950,2.9100,2.1000,1.1742,igepn2022ylmy,LP,volcanic eruption,5.0000,8.0000,reviewed,vlema@srvpicados.igepn.edu.ec
2022-12-14 10:10:21,-0.7062,0.7071,-78.4155,0.7071,-5.8900,1.1000,0.7047,igepn2022yldp,VLP,volcanic eruption,4.0000,7.0000,reviewed,gviracucha@sc-gui.igepn.edu.ec
2022-12-14 03:14:57,-0.6868,1.0607,-78.4380,1.0607,-3.0000,1.5000,0.6952,igepn2022ykpv,VLP,volcanic eruption,4.0000,9.0000,reviewed,vlema@srvpicados.igepn.edu.ec
2022-12-13 19:13:43,-0.6742,0.1414,-78.4355,0.1414,-4.5100,0.4000,0.7152,igepn2022ykaa,VLP,volcanic eruption,5.0000,8.0000,reviewed,vlema@srvpicados.igepn.edu.ec
2022-12-13 17:31:23,-0.6627,0.7778,-78.4240,0.7778,1.0000,0.9000,0.7949,igepn2022yjwq,LP,volcanic eruption,5.0000,8.0000,reviewed,vlema@srvpicados.igepn.edu.ec
2022-12-13 08:01:00,-0.6913,0.4950,-78.4423,0.4950,0.6100,1.1000,1.0790,igepn2022yjds,LP,volcanic eruption,4.0000,8.0000,reviewed,vlema@srvpicados.igepn.edu.ec
2022-12-13 01:58:18,-0.6793,0.1414,-78.4493,0.1414,2.0000,0.6000,0.3792,igepn2022yirw,LP,volcanic eruption,5.0000,8.0000,reviewed,vlema@srvpicados.igepn.edu.ec
2022-12-12 23:20:11,-0.6842,0.3536,-78.4193,0.3536,4.1000,1.9000,0.5951,igepn2022yimq,LP,volcanic eruption,4.0000,8.0000,reviewed,vlema@srvpicados.igepn.edu.ec
2022-12-12 17:46:53,-0.6962,1.4849,-78.4158,1.4849,-6.0000,3.4000,0.7734,igepn2022yibq,LP,volcanic eruption,6.0000,11.0000,reviewed,vlema@srvpicados.igepn.edu.ec
2022-12-12 10:50:08,-0.6652,0.9192,-78.4342,0.9192,2.4000,1.4000,1.7157,igepn2022yhnx,LP,volcanic eruption,4.0000,10.0000,reviewed,vlema@srvpicados.igepn.edu.ec
2022-12-12 00:15:44,-0.6945,0.8485,-78.4423,0.8485,2.7000,3.3000,0.4527,igepn2022ygsz,LP,volcanic eruption,4.0000,10.0000,reviewed,vlema@srvpicados.igepn.edu.ec
2022-12-11 16:17:03,-0.6437,1.0607,-78.3910,1.0607,-7.0000,1.5000,0.8020,igepn2022ygde,VT,volcanic eruption,5.0000,14.0000,reviewed,vlema@srvpicados.igepn.edu.ec
2022-12-11 14:10:25,-0.6652,1.4849,-78.4345,1.4849,2.4300,2.7000,0.8620,igepn2022yfyz,LP,volcanic eruption,5.0000,9.0000,reviewed,vlema@srvpicados.igepn.edu.ec
2022-12-11 01:07:34,-0.6808,0.9899,-78.4365,0.9899,-1.6800,1.4000,1.3894,igepn2022yeze,LP,volcanic eruption,3.0000,9.0000,reviewed,vlema@srvpicados.igepn.edu.ec
2022-12-10 12:02:49,-0.6733,1.0607,-78.4237,1.0607,3.6000,2.8000,1.2844,igepn2022ydzh,LP,volcanic eruption,4.0000,8.0000,reviewed,vlema@srvpicados.igepn.edu.ec
2022-12-09 21:03:17,-0.7267,1.0607,-78.4268,1.0607,-2.8000,0.7000,1.2277,igepn2022ycvd,LP,volcanic eruption,5.0000,11.0000,reviewed,vlema@srvpicados.igepn.edu.ec
2022-12-09 20:49:58,-0.6895,0.7778,-78.3717,0.7778,-4.4600,0.4000,0.5937,igepn2022ycvf,VT,volcanic eruption,2.0000,11.0000,reviewed,vlema@srvpicados.igepn.edu.ec
2022-12-09 16:22:08,-0.6557,2.8991,-78.4495,2.8991,-3.1100,2.5000,0.8991,igepn2022ycmj,LP,volcanic eruption,4.0000,8.0000,reviewed,vlema@srvpicados.igepn.edu.ec
2022-12-09 10:47:20,-0.7008,0.6364,-78.4342,0.6364,2.0000,2.3000,1.1282,igepn2022ycbf,LP,volcanic eruption,5.0000,9.0000,reviewed,vlema@srvpicados.igepn.edu.ec
2022-12-09 08:15:48,-0.6865,0.4243,-78.4337,0.4243,3.3600,1.4000,0.9121,igepn2022ybwh,LP,volcanic eruption,4.0000,6.0000,reviewed,vlema@srvpicados.igepn.edu.ec
2022-12-09 03:39:29,-0.6948,0.3536,-78.4340,0.3536,0.9300,1.3000,0.8338,igepn2022ybne,LP,volcanic eruption,5.0000,9.0000,reviewed,vlema@srvpicados.igepn.edu.ec
2022-12-07 23:20:19,-0.6978,0.4243,-78.4382,0.4243,3.5900,3.9000,0.3531,igepn2022xzjd,LP,volcanic eruption,4.0000,8.0000,reviewed,vlema@srvpicados.igepn.edu.ec
2022-12-07 22:10:35,-0.6915,0.2121,-78.4172,0.2121,0,0.8000,1.1311,igepn2022xzgv,LP,volcanic eruption,5.0000,11.0000,reviewed,vlema@srvpicados.igepn.edu.ec
2022-12-07 18:28:26,-0.7128,1.2021,-78.4258,1.2021,-2.4800,3.8000,0.6544,igepn2022xyzn,LP,volcanic eruption,5.0000,10.0000,reviewed,vlema@srvpicados.igepn.edu.ec
2022-12-07 05:03:57,-0.6983,0.9192,-78.4485,0.9192,0.3700,3.3000,0.5800,igepn2022xxyz,LP,volcanic eruption,5.0000,9.0000,reviewed,vlema@srvpicados.igepn.edu.ec
2022-12-06 23:29:29,-0.7133,0.7071,-78.4002,0.7071,-3.4600,1.1000,0.5921,igepn2022xxny,VT,volcanic eruption,6.0000,20.0000,reviewed,vlema@srvpicados.igepn.edu.ec
2022-12-06 22:41:13,-0.7008,0.6364,-78.4478,0.6364,-1.0000,2.5000,0.6034,igepn2022xxmi,LP,volcanic eruption,4.0000,9.0000,reviewed,vlema@srvpicados.igepn.edu.ec
2022-12-06 21:45:39,-0.7078,1.1314,-78.3682,1.1314,-6.0000,2.6000,1.0983,igepn2022xxkn,VT,volcanic eruption,7.0000,23.0000,reviewed,vlema@srvpicados.igepn.edu.ec
2022-12-06 21:17:22,-0.7039,0.8565,-78.3490,1.4264,-4.1423,1.1512,2.1745,igepn2022xxjo,VT,volcanic eruption,24.0000,60.0000,reviewed,vlema@srvpicados.igepn.edu.ec
2022-12-06 09:14:55,-0.5820,0.9899,-78.4590,0.9899,-2.9300,0.6000,0.4450,igepn2022xwlt,VTD,volcanic eruption,4.0000,13.0000,reviewed,vlema@srvpicados.igepn.edu.ec
2022-12-04 23:51:19,-0.6928,0.9899,-78.4328,0.9899,-2.0000,1.6000,1.0213,igepn2022xtxq,LP,volcanic eruption,6.0000,10.0000,reviewed,vlema@srvpicados.igepn.edu.ec
2022-12-04 19:16:54,-0.6545,2.6163,-78.4423,2.6163,3.6000,2.5000,0.7791,igepn2022xtop,LP,volcanic eruption,4.0000,9.0000,reviewed,vlema@srvpicados.igepn.edu.ec
2022-12-04 10:38:02,-0.6868,0.1414,-78.4370,0.1414,-1.1500,0.1000,1.2485,igepn2022xsxm,LP,volcanic eruption,4.0000,11.0000,reviewed,vlema@srvpicados.igepn.edu.ec
2022-12-03 22:07:33,-0.6968,0.2828,-78.4333,0.2828,-2.2900,0.4000,1.1135,igepn2022xrys,LP,volcanic eruption,5.0000,11.0000,reviewed,vlema@srvpicados.igepn.edu.ec
2022-12-03 19:09:43,-0.7432,0.6364,-78.4418,0.6364,-2.0000,2.4000,0.5306,igepn2022xrsw,VT,volcanic eruption,5.0000,17.0000,reviewed,vlema@srvpicados.igepn.edu.ec
2022-12-03 18:18:02,-0.6778,1.7678,-78.4290,1.7678,-1.0000,2.0000,1.3056,igepn2022xrrd,LP,volcanic eruption,4.0000,10.0000,reviewed,vlema@srvpicados.igepn.edu.ec
2022-12-03 18:12:08,-0.7010,0.4950,-78.4287,0.4950,0,1.9000,1.1876,igepn2022xrqy,LP,volcanic eruption,4.0000,10.0000,reviewed,vlema@srvpicados.igepn.edu.ec
2022-12-03 16:32:42,-0.6870,1.2728,-78.4357,1.2728,-2.0000,2.8000,0.9098,igepn2022xrnr,LP,volcanic eruption,4.0000,8.0000,reviewed,vlema@srvpicados.igepn.edu.ec
2022-12-03 04:04:00,-0.7107,0.4243,-78.4568,0.4243,1.4200,1.2000,0.8550,igepn2022xqoz,LP,volcanic eruption,6.0000,11.0000,reviewed,vlema@srvpicados.igepn.edu.ec
2022-12-01 22:17:40,-0.6912,0.9192,-78.4250,0.9192,-1.0000,2.8000,0.6497,igepn2022xoib,LP,volcanic eruption,5.0000,8.0000,reviewed,vlema@srvpicados.igepn.edu.ec
2022-12-01 20:36:11,-0.6775,1.2021,-78.4182,1.2021,2.0000,3.0000,0.8118,igepn2022xoes,LP,volcanic eruption,5.0000,9.0000,reviewed,vlema@srvpicados.igepn.edu.ec
2022-12-01 16:19:47,-0.5753,0.9192,-78.4400,0.9192,-5.3900,1.6000,0.9899,igepn2022xnwg,VTD,volcanic eruption,6.0000,19.0000,reviewed,vlema@srvpicados.igepn.edu.ec
2022-11-30 08:34:46,-0.6807,4.5962,-78.4158,4.5962,-2.5900,1.6000,1.8653,igepn2022xllk,LP,volcanic eruption,2.0000,6.0000,reviewed,vlema@srvpicados.igepn.edu.ec
2022-11-29 12:24:47,-0.7078,0.3536,-78.4315,0.3536,3.6600,2.9000,1.6571,igepn2022xjxm,LP,volcanic eruption,5.0000,12.0000,reviewed,vlema@srvpicados.igepn.edu.ec
2022-11-29 11:48:41,-0.6833,1.6263,-78.4305,1.6263,-4.0000,1.5000,1.1141,igepn2022xjwh,LP,volcanic eruption,6.0000,12.0000,reviewed,vlema@srvpicados.igepn.edu.ec
2022-11-29 04:41:43,-0.7125,0.2121,-78.4350,0.2121,3.7400,1.8000,0.9996,igepn2022xjif,LP,volcanic eruption,6.0000,10.0000,reviewed,vlema@srvpicados.igepn.edu.ec
2022-11-28 22:45:23,-0.5827,0.6364,-78.4482,0.6364,-4.6000,0.3000,0.4606,igepn2022xiwl,VTD,volcanic eruption,6.0000,15.0000,reviewed,vlema@srvpicados.igepn.edu.ec
2022-11-28 22:37:06,-0.6878,0.0707,-78.4372,0.0707,2.3500,0.2000,0.2841,igepn2022xiwe,VT,volcanic eruption,5.0000,8.0000,reviewed,vlema@srvpicados.igepn.edu.ec
2022-11-28 19:39:09,-0.5875,0.5657,-78.4460,0.5657,-4.5500,0.3000,0.4025,igepn2022xiqh,VTD,volcanic eruption,6.0000,17.0000,reviewed,vlema@srvpicados.igepn.edu.ec
2022-11-28 08:58:40,-0.7640,0.5657,-78.4415,0.5657,-2.0000,1.6000,0.4320,igepn2022xhve,VT,volcanic eruption,5.0000,13.0000,reviewed,vlema@srvpicados.igepn.edu.ec
2022-11-28 01:51:49,-0.6848,0.2121,-78.4423,0.2121,3.7600,2.4000,0.6660,igepn2022xhhc,LP,volcanic eruption,4.0000,10.0000,reviewed,vlema@srvpicados.igepn.edu.ec
2022-11-27 21:09:46,-0.5745,0.7778,-78.4423,0.7778,-5.1200,1.7000,0.6189,igepn2022xgxu,VTD,volcanic eruption,7.0000,19.0000,reviewed,vlema@srvpicados.igepn.edu.ec
2022-11-27 19:33:20,-0.6870,0.5657,-78.4158,0.5657,0.9000,2.3000,0.5948,igepn2022xgup,LP,volcanic eruption,4.0000,7.0000,reviewed,vlema@srvpicados.igepn.edu.ec
2022-11-27 17:43:42,-0.6737,0.9899,-78.4313,0.9899,0,2.4000,1.3633,igepn2022xgqz,LP,volcanic eruption,5.0000,11.0000,reviewed,vlema@srvpicados.igepn.edu.ec
2022-11-26 21:42:27,-0.7008,0.4950,-78.4292,0.4950,2.8600,2.5000,0.3265,igepn2022xfdj,VT,volcanic eruption,5.0000,12.0000,reviewed,vlema@srvpicados.igepn.edu.ec
2022-11-26 13:26:36,-0.6835,0.2828,-78.4375,0.2828,1.1900,0.7000,1.2706,igepn2022xena,LP,volcanic eruption,4.0000,10.0000,reviewed,vlema@srvpicados.igepn.edu.ec
2022-11-26 03:06:15,-0.6652,2.8284,-78.4423,2.8284,1.0000,4.4000,0.3618,igepn2022xdso,TREM,volcanic eruption,4.0000,7.0000,reviewed,vlema@srvpicados.igepn.edu.ec
2022-11-25 09:02:41,-0.6905,0.3536,-78.4300,0.3536,2.9700,1.1000,0.3944,igepn2022xciu,VT,volcanic eruption,3.0000,8.0000,reviewed,vlema@srvpicados.igepn.edu.ec
2022-11-24 22:06:46,-0.6988,0.3536,-78.4300,0.3536,2.3200,2.2000,0.7539,igepn2022xbne,LP,volcanic eruption,5.0000,9.0000,reviewed,vlema@srvpicados.igepn.edu.ec
2022-11-24 13:18:32,-0.7287,0.4243,-78.4283,0.4243,1.5200,1.6000,0.4262,igepn2022xavt,LP,volcanic eruption,4.0000,7.0000,reviewed,vlema@srvpicados.igepn.edu.ec
2022-11-24 03:47:24,-0.6965,1.2728,-78.4423,1.2728,-4.6300,1.0000,0.3173,igepn2022xacx,LP,volcanic eruption,4.0000,7.0000,reviewed,vlema@srvpicados.igepn.edu.ec
2022-11-23 22:38:23,-0.6702,0.9899,-78.4063,0.9899,-7.0000,1.9000,0.7584,igepn2022wzsr,LP,volcanic eruption,4.0000,10.0000,reviewed,vlema@srvpicados.igepn.edu.ec
2022-11-23 20:25:48,-0.6937,0.8485,-78.4252,0.8485,-1.1600,3.3000,0.6611,igepn2022wzoi,LP,volcanic eruption,4.0000,8.0000,reviewed,vlema@srvpicados.igepn.edu.ec
2022-11-23 17:35:36,-0.6958,0.2121,-78.4423,0.2121,3.7000,1.9000,1.1409,igepn2022wzis,LP,volcanic eruption,5.0000,9.0000,reviewed,vlema@srvpicados.igepn.edu.ec
2022-11-22 09:29:28,-0.6808,0.9899,-78.4092,0.9899,2.0500,2.9000,1.0687,igepn2022wwxe,LP,volcanic eruption,3.0000,8.0000,reviewed,vlema@srvpicados.igepn.edu.ec
2022-11-21 23:02:35,-0.6712,0.2121,-78.4285,0.2121,4.1500,3.1000,0.6644,igepn2022wwcm,VT,volcanic eruption,3.0000,9.0000,reviewed,vlema@srvpicados.igepn.edu.ec
2022-11-21 03:39:52,-0.6995,0.5657,-78.4292,0.5657,-4.4300,0.6000,0.8653,igepn2022wuqd,LP,volcanic eruption,5.0000,10.0000,reviewed,vlema@srvpicados.igepn.edu.ec
2022-11-21 02:57:54,-0.6907,0.2828,-78.4377,0.2828,2.0000,1.3000,0.5453,igepn2022wuos,LP,volcanic eruption,5.0000,8.0000,reviewed,vlema@srvpicados.igepn.edu.ec
2022-11-20 21:55:24,-0.6990,0.8485,-78.4272,0.8485,1.0000,3.4000,0.9609,igepn2022wueu,LP,volcanic eruption,6.0000,11.0000,reviewed,vlema@srvpicados.igepn.edu.ec
2022-11-20 13:22:52,-0.6770,0.3536,-78.4285,0.3536,4.2500,1.9000,0.9345,igepn2022wtnw,LP,volcanic eruption,4.0000,9.0000,reviewed,vlema@srvpicados.igepn.edu.ec
2022-11-20 13:12:33,-0.6995,0.7071,-78.3968,0.7071,0.1100,1.8000,1.1510,igepn2022wtno,LP,volcanic eruption,4.0000,10.0000,reviewed,vlema@srvpicados.igepn.edu.ec
2022-11-20 10:19:53,-0.5665,1.2021,-78.4192,1.2021,-4.0000,0.7000,0.3920,igepn2022wthv,VTD,volcanic eruption,5.0000,17.0000,reviewed,vlema@srvpicados.igepn.edu.ec
2022-11-20 05:43:57,-0.6833,0.0707,-78.4390,0.0707,2.7400,0.1000,0.4601,igepn2022wsys,LP,volcanic eruption,3.0000,6.0000,reviewed,vlema@srvpicados.igepn.edu.ec
2022-11-20 02:49:25,-0.6733,0.2121,-78.4380,0.2121,3.9200,0.5000,0.6679,igepn2022wssz,LP,volcanic eruption,4.0000,7.0000,reviewed,vlema@srvpicados.igepn.edu.ec
2022-11-20 02:32:17,-0.6915,0.9899,-78.4350,0.9899,-2.0000,1.7000,1.0936,igepn2022wssk,LP,volcanic eruption,5.0000,11.0000,reviewed,vlema@srvpicados.igepn.edu.ec
2022-11-20 02:06:00,-0.6860,0.7071,-78.4223,0.7071,2.7000,2.8000,0.5236,igepn2022wsro,LP,volcanic eruption,4.0000,8.0000,reviewed,vlema@srvpicados.igepn.edu.ec
2022-11-20 00:59:39,-0.6937,0.4950,-78.4305,0.4950,3.6000,2.2000,0.7164,igepn2022wspi,LP,volcanic eruption,4.0000,8.0000,reviewed,vlema@srvpicados.igepn.edu.ec
2022-11-18 18:31:53,-0.6803,0.4243,-78.4317,0.4243,1.0000,0.7000,0.7762,igepn2022wqhc,VT,volcanic eruption,5.0000,12.0000,reviewed,vlema@srvpicados.igepn.edu.ec
2022-11-17 20:55:24,-0.6913,0.4243,-78.4310,0.4243,1.3300,1.6000,0.3139,igepn2022woqh,VT,volcanic eruption,5.0000,10.0000,reviewed,vlema@srvpicados.igepn.edu.ec
2022-11-17 03:14:15,-0.6713,0.3536,-78.4178,0.3536,2.6000,0.8000,0.7195,igepn2022wnhh,LP,volcanic eruption,3.0000,7.0000,reviewed,vlema@srvpicados.igepn.edu.ec
2022-11-15 17:56:41,-0.6180,0.7071,-78.3927,0.7071,-3.0000,0.7000,0.5770,igepn2022wkti,VT,volcanic eruption,4.0000,12.0000,reviewed,vlema@srvpicados.igepn.edu.ec
2022-11-15 03:45:57,-0.6652,0.8485,-78.4247,0.8485,-1.0000,0.7000,1.3034,igepn2022wjri,LP,volcanic eruption,5.0000,11.0000,reviewed,vlema@srvpicados.igepn.edu.ec
2022-11-13 11:18:29,-0.6745,0.7778,-78.4402,0.7778,0.6500,1.6000,1.0104,igepn2022wgpg,LP,volcanic eruption,4.0000,11.0000,reviewed,vlema@srvpicados.igepn.edu.ec
2022-11-13 01:43:24,-0.7110,0.6364,-78.4283,0.6364,-4.2300,1.6000,0.6954,igepn2022wfwg,LP,volcanic eruption,4.0000,7.0000,reviewed,vlema@srvpicados.igepn.edu.ec
2022-11-12 19:14:16,-0.6437,0.5657,-78.4172,0.5657,-4.0000,0.4000,1.6480,igepn2022wfjl,VT,volcanic eruption,9.0000,33.0000,reviewed,vlema@sc-gui.igepn.edu.ec
2022-11-12 17:11:33,-0.6830,0.0707,-78.4433,0.0707,2.0000,0.6000,0.4375,igepn2022wffj,LP,volcanic eruption,4.0000,9.0000,reviewed,vlema@srvpicados.igepn.edu.ec
2022-11-12 01:53:54,-0.6813,0.7071,-78.4248,0.7071,1.0000,2.1000,0.3682,igepn2022webc,LP,volcanic eruption,5.0000,10.0000,reviewed,vlema@srvpicados.igepn.edu.ec
2022-11-11 04:05:39,-0.7097,1.1314,-78.4607,1.1314,-1.0000,3.2000,1.3195,igepn2022wcjz,LP,volcanic eruption,5.0000,12.0000,reviewed,vlema@srvpicados.igepn.edu.ec
2022-11-11 02:15:04,-0.6993,0.4950,-78.4165,0.4950,-3.7500,1.3000,0.8680,igepn2022wcgi,LP,volcanic eruption,6.0000,10.0000,reviewed,vlema@srvpicados.igepn.edu.ec
2022-11-11 01:07:26,-0.7010,2.1213,-78.4310,2.1213,1.0000,5.8000,0.3910,igepn2022wcec,LP,volcanic eruption,4.0000,7.0000,reviewed,gviracucha@sc-gui.igepn.edu.ec
2022-11-10 03:52:36,-0.6672,0.4243,-78.4298,0.4243,4.0000,1.1000,0.7133,igepn2022waoa,LP,volcanic eruption,4.0000,9.0000,reviewed,vlema@srvpicados.igepn.edu.ec
2022-11-09 13:50:41,-0.6770,0.9899,-78.4423,0.9899,3.0000,2.1000,1.2899,igepn2022vzme,LP,volcanic eruption,5.0000,8.0000,reviewed,vlema@srvpicados.igepn.edu.ec
2022-11-09 09:17:57,-0.6595,0.2828,-78.4497,0.2828,-2.0600,0.5000,0.4054,igepn2022vzdg,VT,volcanic eruption,5.0000,12.0000,reviewed,vlema@srvpicados.igepn.edu.ec
2022-11-09 00:07:42,-0.6773,0.6364,-78.4222,0.6364,4.0000,2.3000,0.7115,igepn2022vylc,LP,volcanic eruption,4.0000,7.0000,reviewed,vlema@srvpicados.igepn.edu.ec
2022-11-09 00:03:03,-0.6652,0.2121,-78.4357,0.2121,1.6200,0.4000,0.8480,igepn2022vyky,LP,volcanic eruption,5.0000,9.0000,reviewed,vlema@srvpicados.igepn.edu.ec
2022-11-08 21:36:55,-0.6965,1.6263,-78.4007,1.6263,-2.3600,1.1000,1.2400,igepn2022vygb,LP,volcanic eruption,4.0000,10.0000,reviewed,vlema@srvpicados.igepn.edu.ec
2022-11-06 23:33:38,-0.6985,0.3536,-78.4245,0.3536,3.9700,2.6000,0.7022,igepn2022vusz,LP,volcanic eruption,5.0000,9.0000,reviewed,vlema@srvpicados.igepn.edu.ec
2022-11-06 22:59:25,-0.6922,0.3536,-78.4328,0.3536,2.7800,2.4000,0.5274,igepn2022vurw,LP,volcanic eruption,6.0000,12.0000,reviewed,vlema@srvpicados.igepn.edu.ec
2022-11-06 18:08:52,-0.6873,0.4243,-78.4327,0.4243,3.8000,3.8000,1.4094,igepn2022vuig,LP,volcanic eruption,6.0000,13.0000,reviewed,vlema@srvpicados.igepn.edu.ec
2022-11-06 03:11:10,-0.6077,0.6364,-78.3382,0.6364,-2.8200,1.3000,0.2932,igepn2022vtes,VT,volcanic eruption,6.0000,16.0000,reviewed,vlema@srvpicados.igepn.edu.ec
2022-11-05 18:07:36,-0.7022,0.5657,-78.4347,0.5657,-4.0000,2.3000,1.0617,igepn2022vsms,LP,volcanic eruption,4.0000,8.0000,reviewed,vlema@srvpicados.igepn.edu.ec
2022-11-04 21:24:50,-0.7135,0.2828,-78.4318,0.2828,1.0000,1.0000,0.5561,igepn2022vqxs,LP,volcanic eruption,5.0000,10.0000,reviewed,vlema@srvpicados.igepn.edu.ec
2022-11-04 19:53:09,-0.6967,0.1414,-78.4325,0.1414,0,0.7000,0.5509,igepn2022vqur,LP,volcanic eruption,5.0000,8.0000,reviewed,vlema@srvpicados.igepn.edu.ec
2022-11-03 20:15:23,-0.7005,0.1414,-78.4323,0.1414,-1.0500,0.1000,0.2841,igepn2022vozy,LP,volcanic eruption,4.0000,9.0000,reviewed,vlema@srvpicados.igepn.edu.ec
2022-11-03 17:38:52,-0.7033,0.8485,-78.4007,0.8485,-3.0000,2.5000,0.1170,igepn2022vout,VT,volcanic eruption,5.0000,11.0000,reviewed,vlema@srvpicados.igepn.edu.ec
2022-11-03 16:49:24,-0.7083,0.6364,-78.4257,0.6364,-1.0000,2.3000,0.8657,igepn2022votd,LP,volcanic eruption,5.0000,10.0000,reviewed,vlema@srvpicados.igepn.edu.ec
2022-11-03 14:54:24,-0.6977,0.8485,-78.4292,0.8485,-2.0000,1.7000,0.7712,igepn2022vopi,LP,volcanic eruption,4.0000,9.0000,reviewed,vlema@srvpicados.igepn.edu.ec
2022-11-03 14:15:03,-0.6735,0.8485,-78.3977,0.8485,3.0600,1.5000,0.9174,igepn2022vooa,LP,volcanic eruption,4.0000,7.0000,reviewed,vlema@srvpicados.igepn.edu.ec
2022-11-03 08:47:09,-0.6652,1.7678,-78.4252,1.7678,1.0000,3.1000,0.8792,igepn2022vodg,LP,volcanic eruption,4.0000,8.0000,reviewed,vlema@srvpicados.igepn.edu.ec
2022-11-03 08:10:11,-0.6603,0.5657,-78.4332,0.5657,2.0000,0.8000,0.4501,igepn2022voca,LP,volcanic eruption,4.0000,6.0000,reviewed,vlema@srvpicados.igepn.edu.ec
2022-11-03 07:20:05,-0.6805,1.8385,-78.4423,1.8385,2.4300,2.0000,0.8669,igepn2022voaj,LP,volcanic eruption,3.0000,6.0000,reviewed,vlema@srvpicados.igepn.edu.ec
2022-11-03 06:57:13,-0.6825,0.4950,-78.4423,0.4950,4.4900,1.6000,0.8471,igepn2022vnzp,LP,volcanic eruption,3.0000,8.0000,reviewed,vlema@srvpicados.igepn.edu.ec
2022-11-03 04:48:22,-0.6627,2.1213,-78.4158,2.1213,1.1300,4.2000,1.0513,igepn2022vnvj,LP,volcanic eruption,6.0000,11.0000,reviewed,vlema@srvpicados.igepn.edu.ec
2022-11-01 14:52:08,-0.6813,1.2728,-78.4362,1.2728,-3.0000,1.7000,0.5688,igepn2022vkyg,LP,volcanic eruption,4.0000,7.0000,reviewed,vlema@srvpicados.igepn.edu.ec
2022-11-01 07:12:42,-0.6652,2.1213,-78.4373,2.1213,2.7000,3.7000,0.6938,igepn2022vkjc,VT,volcanic eruption,5.0000,8.0000,reviewed,vlema@sc-gui.igepn.edu.ec
2022-10-31 10:27:03,-0.6652,1.4142,-78.4032,1.4142,-2.6600,0.8000,1.0283,igepn2022viua,LP,volcanic eruption,7.0000,13.0000,reviewed,vlema@srvpicados.igepn.edu.ec
2022-10-30 13:40:14,-0.6652,0.5657,-78.4287,0.5657,3.2400,1.2000,1.2982,igepn2022vhew,LP,volcanic eruption,5.0000,7.0000,reviewed,vlema@srvpicados.igepn.edu.ec
2022-10-30 08:09:27,-0.6850,0.8485,-78.4332,0.8485,1.0000,4.3000,0.6348,igepn2022vgtz,LP,volcanic eruption,5.0000,8.0000,reviewed,vlema@srvpicados.igepn.edu.ec
2022-10-28 01:41:24,-0.6568,0.0707,-78.4472,0.0707,1.4400,0.1000,0.6219,igepn2022vcqe,LP,volcanic eruption,4.0000,6.0000,reviewed,vlema@srvpicados.igepn.edu.ec
2022-10-27 20:28:06,-0.6930,0.4950,-78.4287,0.4950,1.5400,2.6000,1.0273,igepn2022vcfv,LP,volcanic eruption,5.0000,9.0000,reviewed,vlema@srvpicados.igepn.edu.ec
2022-10-27 07:50:02,-0.6900,0.5657,-78.4255,0.5657,-2.0000,1.6000,1.0358,igepn2022vbgv,LP,volcanic eruption,4.0000,8.0000,reviewed,vlema@srvpicados.igepn.edu.ec
2022-10-27 03:16:19,-0.6805,1.4142,-78.4127,1.4142,-1.0000,2.2000,1.4120,igepn2022vaxs,LP,volcanic eruption,6.0000,12.0000,reviewed,vlema@srvpicados.igepn.edu.ec
2022-10-26 05:52:26,-0.6793,0.6364,-78.4208,0.6364,2.0000,2.4000,1.1744,igepn2022uzhl,LP,volcanic eruption,5.0000,8.0000,reviewed,vlema@srvpicados.igepn.edu.ec
2022-10-25 15:43:01,-0.6857,0.9192,-78.4423,0.9192,-2.3900,3.1000,0.7920,igepn2022uyfk,LP,volcanic eruption,4.0000,8.0000,reviewed,vlema@srvpicados.igepn.edu.ec
2022-10-24 23:47:04,-0.6800,0.3536,-78.4203,0.3536,0.4000,0.5000,-0.0258,igepn2022uwzv,VT,volcanic eruption,3.0000,10.0000,reviewed,vlema@srvpicados.igepn.edu.ec
2022-10-24 03:30:10,-0.7905,0.3536,-78.4137,0.3536,-2.7500,0.2000,0.0805,igepn2022uvlt,VT,volcanic eruption,6.0000,11.0000,reviewed,vlema@srvpicados.igepn.edu.ec
2022-10-24 00:28:25,-0.6652,0.6364,-78.4368,0.6364,3.6300,1.1000,0.3487,igepn2022uvfs,LP,volcanic eruption,4.0000,6.0000,reviewed,vlema@srvpicados.igepn.edu.ec
2022-10-23 14:36:43,-0.6652,0.6364,-78.4417,0.6364,3.6000,0.9000,1.0906,igepn2022uume,LP,volcanic eruption,4.0000,7.0000,reviewed,vlema@srvpicados.igepn.edu.ec
2022-10-23 05:00:36,-0.7117,0.6364,-78.4148,0.6364,1.5000,3.8000,0.6535,igepn2022uttf,LP,volcanic eruption,6.0000,11.0000,reviewed,vlema@srvpicados.igepn.edu.ec
2022-10-22 20:27:55,-0.6890,1.6971,-78.4305,1.6971,-1.0000,3.5000,0.7888,igepn2022utch,LP,volcanic eruption,4.0000,7.0000,reviewed,vlema@srvpicados.igepn.edu.ec
2022-10-22 20:22:02,-0.6792,0.9899,-78.4342,0.9899,-2.0000,1.2000,1.2248,igepn2022utcc,LP,volcanic eruption,6.0000,12.0000,reviewed,vlema@srvpicados.igepn.edu.ec
2022-10-22 11:42:19,-0.7267,1.1314,-78.4288,1.1314,-3.0000,1.2000,0.6468,igepn2022uskz,LP,volcanic eruption,5.0000,8.0000,reviewed,vlema@sc-gui.igepn.edu.ec
2022-10-22 08:16:43,-0.6722,1.0607,-78.4197,1.0607,3.2000,2.8000,1.2470,igepn2022usee,LP,volcanic eruption,5.0000,10.0000,reviewed,vlema@srvpicados.igepn.edu.ec
2022-10-22 03:58:18,-0.6965,0.8485,-78.4312,0.8485,2.8500,4.7000,0.9707,igepn2022urvq,LP,volcanic eruption,4.0000,9.0000,reviewed,vlema@srvpicados.igepn.edu.ec
2022-10-22 00:42:58,-0.7130,0.4243,-78.4247,0.4243,1.0000,2.1000,0.7289,igepn2022urpf,LP,volcanic eruption,6.0000,9.0000,reviewed,vlema@srvpicados.igepn.edu.ec
2022-10-21 19:44:10,-0.6707,1.3435,-78.4462,1.3435,3.7100,2.5000,0.6812,igepn2022urfj,LP,volcanic eruption,5.0000,9.0000,reviewed,vlema@srvpicados.igepn.edu.ec
2022-10-21 04:30:21,-0.7072,0.2828,-78.4122,0.2828,2.0000,1.5000,0.3966,igepn2022uqbf,LP,volcanic eruption,3.0000,8.0000,reviewed,vlema@srvpicados.igepn.edu.ec
2022-10-20 08:28:45,-0.6437,0.9899,-78.3875,0.9899,-6.0000,1.4000,0.4555,igepn2022uono,VT,volcanic eruption,6.0000,13.0000,reviewed,vlema@srvpicados.igepn.edu.ec
2022-10-19 02:06:35,-0.6907,0.4243,-78.4315,0.4243,1.6800,1.4000,0.9486,igepn2022umfl,LP,volcanic eruption,5.0000,11.0000,reviewed,vlema@srvpicados.igepn.edu.ec
2022-10-18 17:50:21,-0.7060,0.4243,-78.4420,0.4243,0.3100,1.1000,1.1097,igepn2022uloy,LP,volcanic eruption,4.0000,9.0000,reviewed,vlema@srvpicados.igepn.edu.ec
2022-10-17 04:48:08,-0.7037,0.4243,-78.4312,0.4243,-3.3200,0.9000,0.4792,igepn2022uitu,LP,volcanic eruption,5.0000,11.0000,reviewed,vlema@srvpicados.igepn.edu.ec
2022-10-16 22:02:38,-0.6978,0.7071,-78.4258,0.7071,-2.5500,1.9000,0.7281,igepn2022uigk,VT,volcanic eruption,5.0000,11.0000,reviewed,vlema@srvpicados.igepn.edu.ec
2022-10-15 20:01:51,-0.6732,0.1414,-78.4337,0.1414,-0.1600,0.2000,0.6253,igepn2022uggy,LP,volcanic eruption,4.0000,8.0000,reviewed,vlema@srvpicados.igepn.edu.ec
2022-10-15 02:28:04,-0.6847,0.6364,-78.4402,0.6364,-2.4300,0.7000,1.1151,igepn2022ueyc,VT,volcanic eruption,6.0000,15.0000,reviewed,vlema@srvpicados.igepn.edu.ec
2022-10-15 00:01:57,-0.6957,0.4950,-78.4427,0.4950,-2.0000,1.2000,0.4769,igepn2022ueti,LP,volcanic eruption,5.0000,7.0000,reviewed,vlema@srvpicados.igepn.edu.ec
2022-10-12 22:04:30,-0.6983,1.2021,-78.4188,1.2021,1.5700,1.5000,1.7123,igepn2022uaym,LP,volcanic eruption,7.0000,16.0000,reviewed,vlema@srvpicados.igepn.edu.ec
2022-10-12 17:56:22,-0.6363,1.4849,-78.3713,1.4849,-5.0000,5.6000,0.2089,igepn2022uaqf,VT,volcanic eruption,7.0000,19.0000,reviewed,vlema@srvpicados.igepn.edu.ec
2022-10-11 03:44:41,-0.6800,0.1414,-78.4007,0.1414,-1.4900,0.1000,0.4153,igepn2022txsr,LP,volcanic eruption,3.0000,6.0000,reviewed,vlema@srvpicados.igepn.edu.ec
2022-10-10 04:15:42,-0.6627,0.5657,-78.4065,0.5657,-4.0000,0.2000,0.4131,igepn2022tvye,LP,volcanic eruption,3.0000,6.0000,reviewed,vlema@srvpicados.igepn.edu.ec
2022-10-08 20:03:57,-0.6688,0.6364,-78.4192,0.6364,-2.0000,1.3000,0.6831,igepn2022ttmm,LP,volcanic eruption,3.0000,7.0000,reviewed,vlema@srvpicados.igepn.edu.ec
2022-10-08 15:24:03,-0.7178,0.6364,-78.4298,0.6364,0,2.2000,0.6236,igepn2022ttdh,LP,volcanic eruption,6.0000,9.0000,reviewed,vlema@srvpicados.igepn.edu.ec
2022-10-07 05:04:00,-0.6935,0.3536,-78.4383,0.3536,3.2400,2.7000,0.4284,igepn2022tqnf,LP,volcanic eruption,5.0000,7.0000,reviewed,vlema@srvpicados.igepn.edu.ec
2022-10-07 01:14:22,-0.6240,0.6364,-78.4560,0.6364,-2.7100,1.2000,0.1373,igepn2022tqfs,VT,volcanic eruption,4.0000,11.0000,reviewed,vlema@srvpicados.igepn.edu.ec
2022-10-07 00:48:41,-0.5912,0.2828,-78.4525,0.2828,-4.0900,0.2000,0.5002,igepn2022tqew,VTD,volcanic eruption,4.0000,14.0000,reviewed,vlema@srvpicados.igepn.edu.ec
2022-10-06 18:37:21,-0.6320,0.7778,-78.4567,0.7778,-3.0000,0.9000,0.4573,igepn2022tpsn,VT,volcanic eruption,5.0000,16.0000,reviewed,acordova
2022-10-06 18:33:56,-0.6290,0.5657,-78.4418,0.5657,-2.8200,0.4000,1.5566,igepn2022tpsm,VT,volcanic eruption,9.0000,31.0000,reviewed,vlema@srvpicados.igepn.edu.ec
2022-10-06 13:10:32,-0.6847,0.2828,-78.4342,0.2828,-0.5100,1.1000,0.6753,igepn2022tphv,LP,volcanic eruption,5.0000,8.0000,reviewed,vlema@srvpicados.igepn.edu.ec
2022-10-06 02:10:00,-0.6843,0.9192,-78.4423,0.9192,2.7000,1.7000,1.0841,igepn2022tolv,LP,volcanic eruption,6.0000,15.0000,reviewed,vlema@srvpicados.igepn.edu.ec
2022-10-05 20:03:48,-0.7038,1.1314,-78.4278,1.1314,-3.0000,1.8000,0.7201,igepn2022tnzy,LP,volcanic eruption,5.0000,8.0000,reviewed,vlema@srvpicados.igepn.edu.ec
2022-10-05 06:17:28,-0.6652,1.1314,-78.4180,1.1314,2.0000,2.3000,1.8867,igepn2022tmyp,LP,volcanic eruption,5.0000,13.0000,reviewed,vlema@srvpicados.igepn.edu.ec
2022-10-05 05:04:56,-0.7183,0.6364,-78.4423,0.6364,2.7000,2.3000,0.7258,igepn2022tmwh,LP,volcanic eruption,4.0000,7.0000,reviewed,vlema@srvpicados.igepn.edu.ec
2022-10-02 22:59:06,-0.7313,0.9192,-78.4368,0.9192,-1.0000,4.6000,0.6556,igepn2022titf,LP,volcanic eruption,4.0000,9.0000,reviewed,vlema@srvpicados.igepn.edu.ec
2022-10-02 22:32:01,-0.6627,1.2728,-78.4158,1.2728,-4.0000,0.8000,1.2046,igepn2022tisi,VT,volcanic eruption,4.0000,13.0000,reviewed,vlema@srvpicados.igepn.edu.ec
2022-10-02 03:03:17,-0.6423,1.0607,-78.4697,1.0607,-3.7600,1.2000,0.7360,igepn2022thfu,VT,volcanic eruption,4.0000,13.0000,reviewed,vlema@srvpicados.igepn.edu.ec
2022-10-02 01:10:29,-0.6835,0.8485,-78.4307,0.8485,2.3000,2.8000,0.8437,igepn2022thcb,LP,volcanic eruption,3.0000,8.0000,reviewed,vlema@srvpicados.igepn.edu.ec
2022-10-01 21:55:59,-0.6225,0.8485,-78.4747,0.8485,-3.1900,1.2000,0.9578,igepn2022tgvq,VT,volcanic eruption,4.0000,13.0000,reviewed,vlema@srvpicados.igepn.edu.ec
2022-10-01 17:22:51,-0.6422,1.5556,-78.4548,1.5556,-3.0000,2.5000,0.3680,igepn2022tgmq,VT,volcanic eruption,3.0000,11.0000,reviewed,acordova
2022-10-01 12:58:08,-0.6422,1.2021,-78.4573,1.2021,-3.0000,1.5000,0.4330,igepn2022tgdx,VT,volcanic eruption,4.0000,11.0000,reviewed,acordova
2022-09-29 13:56:13,-0.6735,0.6364,-78.4370,0.6364,4.0500,2.1000,1.1426,igepn2022tcou,LP,volcanic eruption,5.0000,12.0000,reviewed,vlema@srvpicados.igepn.edu.ec
2022-09-29 13:02:00,-0.6908,0.7071,-78.4343,0.7071,0.5600,1.8000,0.7266,igepn2022tcmw,VT,volcanic eruption,5.0000,12.0000,reviewed,vlema@srvpicados.igepn.edu.ec
2022-09-29 05:45:08,-0.7232,0.6364,-78.4162,0.6364,-3.1200,1.8000,0.4971,igepn2022tbyp,LP,volcanic eruption,6.0000,10.0000,reviewed,vlema@srvpicados.igepn.edu.ec
2022-09-29 04:23:51,-0.6307,0.4950,-78.4533,0.4950,-3.1200,0.9000,0.6193,igepn2022tbvy,VT,volcanic eruption,4.0000,17.0000,reviewed,acordova
2022-09-29 02:01:44,-0.7153,0.2121,-78.4373,0.2121,1.2600,0.5000,0.5597,igepn2022tbrg,LP,volcanic eruption,6.0000,10.0000,reviewed,vlema@srvpicados.igepn.edu.ec
2022-09-29 01:23:13,-0.6885,0.4950,-78.4580,0.4950,-7.0000,1.2000,0.8820,igepn2022tbpz,LP,volcanic eruption,6.0000,12.0000,reviewed,vlema@srvpicados.igepn.edu.ec
2022-09-28 18:24:39,-0.6877,1.0607,-78.4267,1.0607,-1.0000,3.4000,0.6629,igepn2022tbce,LP,volcanic eruption,4.0000,7.0000,reviewed,vlema@srvpicados.igepn.edu.ec
2022-09-28 15:58:58,-0.6652,0.9192,-78.4423,0.9192,-1.5400,1.1000,1.2717,igepn2022taxj,LP,volcanic eruption,5.0000,10.0000,reviewed,vlema@srvpicados.igepn.edu.ec
2022-09-28 14:11:11,-0.6687,1.2021,-78.4292,1.2021,-1.0000,1.2000,1.2026,igepn2022tatu,LP,volcanic eruption,5.0000,8.0000,reviewed,vlema@srvpicados.igepn.edu.ec
2022-09-28 03:53:58,-0.6197,1.0607,-78.4537,1.0607,-5.0000,3.0000,0.9179,igepn2022szzl,VT,volcanic eruption,7.0000,24.0000,reviewed,acordova
2022-09-28 00:45:33,-0.6522,0.2121,-78.4652,0.2121,-1.5100,0.3000,0.1709,igepn2022sztf,VT,volcanic eruption,4.0000,16.0000,reviewed,acordova
2022-09-27 23:10:28,-0.6317,0.6364,-78.4603,0.6364,-3.0000,1.0000,0.5423,igepn2022szqb,VT,volcanic eruption,4.0000,18.0000,reviewed,acordova
2022-09-27 03:45:57,-0.6778,1.6263,-78.4342,1.6263,-3.3600,1.8000,1.3092,igepn2022sydr,LP,volcanic eruption,4.0000,10.0000,reviewed,vlema@srvpicados.igepn.edu.ec
2022-09-27 01:49:00,-0.6875,11.4551,-78.4140,11.4551,-5.0000,9.1000,0.8789,igepn2022sxzu,LP,volcanic eruption,4.0000,9.0000,reviewed,vlema@srvpicados.igepn.edu.ec
2022-09-27 01:15:14,-0.6210,0.2121,-78.4485,0.2121,0.4200,0.9000,0.2857,igepn2022sxyp,VT,volcanic eruption,3.0000,10.0000,reviewed,acordova
2022-09-27 01:11:04,-0.6335,0.4243,-78.4528,0.4243,-3.0000,0.6000,1.5056,igepn2022sxyo,VT,volcanic eruption,7.0000,28.0000,reviewed,acordova
2022-09-26 21:46:35,-0.7528,3.1820,-78.4163,3.1820,-0.7800,1.2000,0.9113,igepn2022sxrv,LP,volcanic eruption,4.0000,9.0000,reviewed,vlema@srvpicados.igepn.edu.ec
2022-09-26 20:13:50,-0.6377,0.0707,-78.4640,0.0707,-2.9500,0.1000,0.1003,igepn2022sxot,VT,volcanic eruption,5.0000,11.0000,reviewed,vlema@srvpicados.igepn.edu.ec
2022-09-26 19:53:12,-0.6533,0.6364,-78.4603,0.6364,-3.5500,0.5000,0.2668,igepn2022sxoc,VT,volcanic eruption,6.0000,16.0000,reviewed,acordova
2022-09-26 19:52:20,-0.6422,1.4849,-78.4590,1.4849,0.3300,2.0000,0.0322,igepn2022sxob,VT,volcanic eruption,4.0000,9.0000,reviewed,vlema@srvpicados.igepn.edu.ec
2022-09-26 19:48:07,-0.6228,0.4950,-78.4473,0.4950,-2.9600,0.3000,0.8148,igepn2022sxny,VT,volcanic eruption,6.0000,20.0000,reviewed,acordova
2022-09-26 19:47:25,-0.6310,0.4950,-78.4477,0.4950,-3.8300,0.4000,0.8248,igepn2022sxnx,VT,volcanic eruption,7.0000,24.0000,reviewed,acordova
2022-09-26 19:46:40,-0.6492,0.1414,-78.4602,0.1414,-0.9700,0.3000,0.2654,igepn2022sxnt,VT,volcanic eruption,4.0000,12.0000,reviewed,acordova
2022-09-26 19:43:16,-0.6393,0.7071,-78.4618,0.7071,-2.9800,0.4000,0.6938,igepn2022sxnv,VT,volcanic eruption,5.0000,16.0000,reviewed,acordova
2022-09-26 19:41:38,-0.6283,0.4950,-78.4513,0.4950,-2.8000,0.3000,1.0855,igepn2022sxns,VT,volcanic eruption,6.0000,22.0000,reviewed,acordova
2022-09-26 06:16:43,-0.5952,0.3536,-78.4533,0.3536,-4.0600,0.3000,0.5566,igepn2022swnd,VTD,volcanic eruption,5.0000,15.0000,reviewed,vlema@srvpicados.igepn.edu.ec
2022-09-25 21:26:49,-0.6518,0.9192,-78.4677,0.9192,-2.1900,2.1000,0.0536,igepn2022svvr,VT,volcanic eruption,4.0000,9.0000,reviewed,acordova
2022-09-25 21:24:34,-0.6753,1.1314,-78.4357,1.1314,-1.0000,2.8000,0.9753,igepn2022svvp,LP,volcanic eruption,4.0000,8.0000,reviewed,vlema@srvpicados.igepn.edu.ec
2022-09-25 20:52:29,-0.6590,0.2828,-78.4625,0.2828,1.5500,0.9000,0.1061,igepn2022svun,VT,volcanic eruption,3.0000,10.0000,reviewed,acordova
2022-09-25 19:26:06,-0.6470,2.1213,-78.4070,2.1213,-1.3700,0.5000,1.2534,igepn2022svrr,LP,volcanic eruption,5.0000,10.0000,reviewed,vlema@srvpicados.igepn.edu.ec
2022-09-25 18:20:30,-0.6673,0.2121,-78.4417,0.2121,2.7000,0.4000,0.8030,igepn2022svpl,LP,volcanic eruption,5.0000,7.0000,reviewed,vlema@srvpicados.igepn.edu.ec
2022-09-25 15:57:25,-0.6842,0.9899,-78.4423,0.9899,-2.0000,2.0000,1.5482,igepn2022svku,LP,volcanic eruption,5.0000,9.0000,reviewed,vlema@srvpicados.igepn.edu.ec
2022-09-25 08:03:02,-0.7118,0.7778,-78.4248,0.7778,2.0000,4.6000,1.0281,igepn2022suvd,LP,volcanic eruption,5.0000,10.0000,reviewed,vlema@srvpicados.igepn.edu.ec
2022-09-25 01:45:25,-0.6590,0.9899,-78.4423,0.9899,-1.6200,1.2000,1.2742,igepn2022suir,LP,volcanic eruption,5.0000,10.0000,reviewed,vlema@srvpicados.igepn.edu.ec
2022-09-24 23:51:33,-0.6773,1.0607,-78.4230,1.0607,2.8300,2.6000,0.9300,igepn2022suey,LP,volcanic eruption,4.0000,8.0000,reviewed,vlema@srvpicados.igepn.edu.ec
2022-09-24 04:12:39,-0.6655,0.6364,-78.4292,0.6364,-3.0000,0.7000,0.6886,igepn2022sssb,LP,volcanic eruption,5.0000,8.0000,reviewed,vlema@srvpicados.igepn.edu.ec
2022-09-23 11:17:34,-0.6772,1.2021,-78.4423,1.2021,-1.0000,1.3000,2.0564,igepn2022srko,LP,volcanic eruption,5.0000,11.0000,reviewed,vlema@srvpicados.igepn.edu.ec
2022-09-22 12:18:48,-0.6820,0.4950,-78.4423,0.4950,3.0000,2.0000,0.7835,igepn2022sprb,LP,volcanic eruption,5.0000,9.0000,reviewed,vlema@srvpicados.igepn.edu.ec
2022-09-22 07:51:26,-0.6845,0.3536,-78.4403,0.3536,-1.0000,0.4000,1.2629,igepn2022spig,LP,volcanic eruption,5.0000,11.0000,reviewed,vlema@srvpicados.igepn.edu.ec
2022-09-21 18:55:07,-0.7133,0.7778,-78.4423,0.7778,-1.0000,2.5000,0.7258,igepn2022soiq,LP,volcanic eruption,5.0000,10.0000,reviewed,vlema@srvpicados.igepn.edu.ec
2022-09-21 17:25:59,-0.7033,0.4950,-78.4248,0.4950,2.7000,3.2000,0.8086,igepn2022sofp,LP,volcanic eruption,6.0000,11.0000,reviewed,vlema@srvpicados.igepn.edu.ec
2022-09-21 13:28:35,-0.7160,1.6263,-78.4333,1.6263,0.6400,5.3000,0.8628,igepn2022snxw,LP,volcanic eruption,5.0000,8.0000,reviewed,vlema@srvpicados.igepn.edu.ec
2022-09-18 10:20:00,-0.6627,0.5657,-78.4373,0.5657,-1.0000,1.3000,1.1843,igepn2022sifd,VT,volcanic eruption,5.0000,13.0000,reviewed,vlema@srvpicados.igepn.edu.ec
2022-09-17 22:36:52,-0.6788,0.7778,-78.4303,0.7778,-2.2600,1.9000,0.4229,igepn2022shhy,LP,volcanic eruption,5.0000,10.0000,reviewed,vlema@srvpicados.igepn.edu.ec
2022-09-17 22:30:27,-0.6868,0.8485,-78.4313,0.8485,-1.0000,2.6000,0.6289,igepn2022shhu,LP,volcanic eruption,5.0000,8.0000,reviewed,vlema@srvpicados.igepn.edu.ec
2022-09-17 05:31:30,-0.7033,0.3536,-78.4317,0.3536,0.9200,1.6000,1.3342,igepn2022sgad,LP,volcanic eruption,6.0000,13.0000,reviewed,vlema@srvpicados.igepn.edu.ec
2022-09-16 23:47:21,-0.6960,1.4142,-78.4007,1.4142,-5.0000,2.6000,0.0836,igepn2022sfot,VT,volcanic eruption,5.0000,12.0000,reviewed,vlema@srvpicados.igepn.edu.ec
2022-09-14 20:00:57,-0.7267,0.4243,-78.4223,0.4243,2.8700,2.0000,0.6838,igepn2022sbqh,LP,volcanic eruption,5.0000,9.0000,reviewed,vlema@srvpicados.igepn.edu.ec
2022-09-13 00:03:28,-0.7020,0.4243,-78.4210,0.4243,-1.0000,1.7000,0.7172,igepn2022ryhh,LP,volcanic eruption,5.0000,7.0000,reviewed,vlema@srvpicados.igepn.edu.ec
2022-09-12 20:18:27,-0.6785,0.1414,-78.4353,0.1414,3.0300,0.6000,0.3737,igepn2022rxzw,LP,volcanic eruption,5.0000,6.0000,reviewed,gviracucha@sc-gui.igepn.edu.ec
2022-09-12 18:46:36,-0.6890,0.0707,-78.4423,0.0707,2.0000,0.7000,0.3846,igepn2022rxwv,LP,volcanic eruption,5.0000,9.0000,reviewed,gviracucha@sc-gui.igepn.edu.ec
2022-09-11 02:28:18,-0.6820,0.9192,-78.4158,0.9192,-1.0000,2.4000,0.9700,igepn2022ruva,LP,volcanic eruption,5.0000,11.0000,reviewed,vlema@srvpicados.igepn.edu.ec
2022-09-02 00:41:23,-0.6803,0.9899,-78.4263,0.9899,-2.1400,1.2000,1.0697,igepn2022rega,LP,volcanic eruption,6.0000,13.0000,reviewed,vlema@srvpicados.igepn.edu.ec
2022-08-29 00:18:25,-0.6652,1.1314,-78.4423,1.1314,3.6400,1.6000,1.1328,igepn2022qwxc,LP,volcanic eruption,4.0000,10.0000,reviewed,vlema@sc-gui.igepn.edu.ec
2022-08-26 16:36:55,-0.6762,0.3536,-78.4273,0.3536,4.4100,3.8000,1.3801,igepn2022qsqz,LP,volcanic eruption,6.0000,13.0000,reviewed,vlema@srvpicados.igepn.edu.ec
2022-08-26 10:14:35,-0.7102,0.7778,-78.3853,0.7778,-5.4000,2.0000,0.9548,igepn2022qsek,VT,volcanic eruption,7.0000,17.0000,reviewed,vlema@srvpicados.igepn.edu.ec
2022-08-26 01:16:21,-0.6577,0.7778,-78.4312,0.7778,-2.0000,1.3000,0.8724,igepn2022qrmp,VT,volcanic eruption,4.0000,11.0000,reviewed,vlema@srvpicados.igepn.edu.ec
2022-08-25 20:49:04,-0.6925,0.4950,-78.4463,0.4950,-4.8000,0.4000,0.6305,igepn2022qrdv,LP,volcanic eruption,6.0000,8.0000,reviewed,vlema@srvpicados.igepn.edu.ec
2022-08-23 20:12:34,-0.7057,0.3536,-78.3877,0.3536,-4.0000,0.2000,0.7812,igepn2022qnlp,VT,volcanic eruption,2.0000,10.0000,reviewed,vlema@srvpicados.igepn.edu.ec
2022-08-21 23:47:47,-0.7190,0.7071,-78.3882,0.7071,-4.0000,0.6000,0.8267,igepn2022qkbs,VT,volcanic eruption,6.0000,16.0000,reviewed,vlema@srvpicados.igepn.edu.ec
2022-08-21 22:44:18,-0.6967,0.5657,-78.4330,0.5657,-2.0000,1.3000,1.1545,igepn2022qjzp,LP,volcanic eruption,5.0000,11.0000,reviewed,vlema@srvpicados.igepn.edu.ec
2022-08-19 17:47:21,-0.7183,0.6364,-78.4045,0.6364,-2.6000,0.6000,0.8051,igepn2022qfyv,VT,volcanic eruption,7.0000,19.0000,reviewed,vlema@srvpicados.igepn.edu.ec
2022-08-19 15:16:08,-0.7008,0.4950,-78.4343,0.4950,2.0000,2.1000,1.1463,igepn2022qftv,LP,volcanic eruption,5.0000,11.0000,reviewed,vlema@srvpicados.igepn.edu.ec
2022-08-19 01:08:48,-0.7167,1.4142,-78.3803,1.4142,-1.0000,1.8000,0.1924,igepn2022qerw,VT,volcanic eruption,5.0000,11.0000,reviewed,gviracucha@sc-gui.igepn.edu.ec
2022-08-18 04:34:34,-0.6990,1.8385,-78.3972,1.8385,-1.3700,1.6000,0.9663,igepn2022qdde,LP,volcanic eruption,5.0000,11.0000,reviewed,vlema@srvpicados.igepn.edu.ec
2022-08-17 14:24:34,-0.6863,0.2828,-78.4362,0.2828,0.0800,1.1000,0.8841,igepn2022qcbc,VT,volcanic eruption,5.0000,13.0000,reviewed,vlema@srvpicados.igepn.edu.ec
2022-08-16 03:04:59,-0.7363,0.7071,-78.4295,0.7071,3.0000,6.4000,0.8587,igepn2022pzje,LP,volcanic eruption,6.0000,12.0000,reviewed,vlema@srvpicados.igepn.edu.ec
2022-08-15 05:18:40,-0.6310,0.2828,-78.4425,0.2828,-3.0000,0.4000,0.5642,igepn2022pxsc,VT,volcanic eruption,5.0000,13.0000,reviewed,vlema@srvpicados.igepn.edu.ec
2022-08-14 22:26:51,-0.6973,0.5657,-78.4267,0.5657,-3.0000,1.0000,0.3861,igepn2022pxen,LP,volcanic eruption,4.0000,8.0000,reviewed,vlema@srvpicados.igepn.edu.ec
2022-08-13 11:27:21,-0.6808,0.4950,-78.4245,0.4950,-0.5500,1.3000,1.0066,igepn2022pung,LP,volcanic eruption,5.0000,10.0000,reviewed,vlema@srvpicados.igepn.edu.ec
2022-08-13 04:07:32,-0.6833,0.2828,-78.4298,0.2828,3.6900,1.4000,1.2534,igepn2022ptyt,LP,volcanic eruption,4.0000,10.0000,reviewed,vlema@srvpicados.igepn.edu.ec
2022-08-11 05:15:59,-0.6652,1.3435,-78.4308,1.3435,-2.0000,2.3000,1.9272,igepn2022pqjz,LP,volcanic eruption,4.0000,11.0000,reviewed,vlema@srvpicados.igepn.edu.ec
2022-08-09 20:38:42,-0.6903,0.9192,-78.4007,0.9192,-2.0000,0.9000,1.2889,igepn2022pnxl,LP,volcanic eruption,5.0000,12.0000,reviewed,vlema@srvpicados.igepn.edu.ec
2022-08-08 01:02:21,-0.6820,0.3536,-78.4472,0.3536,0.4100,0.7000,1.0052,igepn2022pkpd,LP,volcanic eruption,3.0000,7.0000,reviewed,vlema@srvpicados.igepn.edu.ec
2022-08-06 16:11:20,-0.6800,0.9192,-78.4277,0.9192,2.0000,2.2000,0.9684,igepn2022picb,LP,volcanic eruption,3.0000,8.0000,reviewed,vlema@srvpicados.igepn.edu.ec
2022-08-05 17:15:25,-0.6273,0.5657,-78.4585,0.5657,-4.0000,0.3000,1.0443,igepn2022pgis,VT,volcanic eruption,5.0000,15.0000,reviewed,vlema@srvpicados.igepn.edu.ec
2022-08-05 02:45:29,-0.6287,0.7071,-78.4547,0.7071,-4.0000,0.5000,1.0674,igepn2022pfga,VT,volcanic eruption,5.0000,18.0000,reviewed,vlema@srvpicados.igepn.edu.ec
2022-08-05 02:44:09,-0.6293,0.6364,-78.4537,0.6364,-4.0000,0.4000,1.2302,igepn2022pffz,VT,volcanic eruption,5.0000,18.0000,reviewed,vlema@srvpicados.igepn.edu.ec
2022-08-05 02:20:26,-0.6220,0.7071,-78.4423,0.7071,-4.0000,0.5000,1.5579,igepn2022pfff,VT,volcanic eruption,6.0000,22.0000,reviewed,vlema@srvpicados.igepn.edu.ec
2022-08-03 00:05:27,-0.6908,0,-78.4197,0,1.7900,0.1000,0.4361,igepn2022pbjs,LP,volcanic eruption,4.0000,6.0000,reviewed,vlema@srvpicados.igepn.edu.ec
2022-08-01 23:27:23,-0.6920,0.6364,-78.3638,0.6364,-4.9000,0.3000,0.2309,igepn2022ozmy,VT,volcanic eruption,5.0000,14.0000,reviewed,vlema@srvpicados.igepn.edu.ec
2022-08-01 16:59:26,-0.6627,1.8385,-78.4063,1.8385,-0.6400,2.7000,0.9037,igepn2022ozae,LP,volcanic eruption,5.0000,10.0000,reviewed,vlema@srvpicados.igepn.edu.ec
2022-08-01 00:56:24,-0.7010,0.7071,-78.4258,0.7071,2.5900,3.7000,0.6367,igepn2022oxuk,LP,volcanic eruption,4.0000,10.0000,reviewed,vlema@srvpicados.igepn.edu.ec
2022-07-31 04:17:16,-0.6762,0.2121,-78.4247,0.2121,2.5900,0.3000,1.0488,igepn2022owfn,LP,volcanic eruption,3.0000,6.0000,reviewed,vlema@srvpicados.igepn.edu.ec
2022-07-28 05:12:18,-0.7090,0.5657,-78.4212,0.5657,2.3800,3.2000,1.0866,igepn2022oquv,LP,volcanic eruption,5.0000,10.0000,reviewed,vlema@srvpicados.igepn.edu.ec
2022-07-25 11:49:06,-0.6413,0.5657,-78.4537,0.5657,-2.0000,0.7000,1.0223,igepn2022olvk,VT,volcanic eruption,4.0000,13.0000,reviewed,vlema@srvpicados.igepn.edu.ec
2022-07-23 01:19:47,-0.6925,0.2121,-78.4340,0.2121,3.0800,1.2000,0.7386,igepn2022ohjq,LP,volcanic eruption,3.0000,8.0000,reviewed,vlema@srvpicados.igepn.edu.ec
2022-07-21 03:58:02,-0.5848,0.1414,-78.4412,0.1414,-3.5600,0.2000,0.6199,igepn2022odxt,VTD,volcanic eruption,3.0000,13.0000,reviewed,vlema@srvpicados.igepn.edu.ec
2022-07-17 11:03:01,-0.6972,0.7778,-78.4423,0.7778,-1.0000,2.6000,0.8152,igepn2022nxdw,LP,volcanic eruption,5.0000,9.0000,reviewed,vlema@srvpicados.igepn.edu.ec
2022-07-17 03:15:22,-0.6633,0.7071,-78.4047,0.7071,-4.5200,0.4000,1.0744,igepn2022nwol,VT,volcanic eruption,6.0000,18.0000,reviewed,vlema@srvpicados.igepn.edu.ec
2022-07-16 12:51:39,-0.7057,0.2828,-78.4223,0.2828,1.5100,1.7000,0.7619,igepn2022nvly,LP,volcanic eruption,5.0000,8.0000,reviewed,vlema@srvpicados.igepn.edu.ec
2022-07-16 06:23:52,-0.6950,0.2121,-78.4423,0.2121,2.0300,0.8000,2.1972,igepn2022nuze,LP,volcanic eruption,4.0000,12.0000,reviewed,vlema@srvpicados.igepn.edu.ec
2022-07-16 06:19:47,-0.7060,0.6364,-78.4357,0.6364,-2.0000,1.2000,1.9484,igepn2022nuzb,LP,volcanic eruption,5.0000,13.0000,reviewed,vlema@srvpicados.igepn.edu.ec

